{"stats":{"minecraft:picked_up":{"luminousworld:groundpebbles_1":3,"minecraft:wheat":1,"minecraft:leather_leggings":4,"earthmobsmod:fancy_egg":1,"minecraft:stone_brick_wall":2,"minecraft:string":3,"minecraft:smooth_stone_slab":2,"minecraft:armor_stand":4,"minecraft:zombie_head":1,"irons_spellbooks:arcane_essence":3,"minecraft:gold_nugget":32,"minecraft:cobblestone_slab":1,"irons_spellbooks:inscription_table":1,"knightlib:small_essence":4,"minecraft:egg":1,"minecraft:tipped_arrow":2,"minecraft:stick":2,"ecologics:coconut_slice":7,"minecraft:oak_fence":4,"minecraft:spruce_stairs":3,"sophisticatedbackpacks:backpack":1,"minecraft:stone_button":3,"minecraft:carrot":1,"minecraft:rabbit_foot":1,"minecraft:stone_sword":2,"minecraft:arrow":2,"minecraft:rotten_flesh":10,"minecraft:hay_block":14,"minecraft:diamond_boots":5,"ecologics:coconut_log":3,"minecraft:carved_pumpkin":2,"supplementaries:ash":1,"minecraft:mutton":2,"minecraft:cobblestone":34,"born_in_chaos_v1:spiny_shell_trap":1,"born_in_chaos_v1:corpse_maggot":8,"minecraft:leather_chestplate":4,"paraglider:spirit_orb":4,"minecraft:oak_log":42,"minecraft:chainmail_chestplate":2,"minecraft:dirt":11,"minecraft:lantern":1,"minecraft:cooked_mutton":1,"minecraft:bone":4,"minecraft:bell":5,"minecraft:rabbit_hide":3,"minecraft:iron_ingot":1,"minecraft:stone_pickaxe":2,"relics:infinity_ham":1,"minecraft:iron_sword":1,"minecraft:oak_planks":25,"minecraft:book":21,"iceandfire:copper_nugget":24,"irons_spellbooks:frozen_bone":4,"born_in_chaos_v1:ethereal_spirit":1,"ecologics:coconut_husk":7,"minecraft:sand":7,"born_in_chaos_v1:dark_rod":1,"minecraft:leather_helmet":3,"minecraft:mossy_cobblestone":4,"minecraft:bundle":1,"born_in_chaos_v1:fire_dust":1,"minecraft:writable_book":1,"domesticationinnovation:drum":1,"minecraft:bread":15,"tombstone:magic_scroll":1,"minecraft:oak_sapling":1,"minecraft:black_wool":1,"iceandfire:silver_nugget":18,"minecraft:coal":9,"iceandfire:raw_silver":3},"minecraft:killed":{"earthmobsmod:jumbo_rabbit":1,"minecraft:spider":1,"enemyexpansion:direwolf":1,"born_in_chaos_v1:thornshell_crab":1,"born_in_chaos_v1:maggot":2,"minecraft:drowned":2,"born_in_chaos_v1:firelight_not_despawn":1,"undead_revamp2:thespitter":1,"enemyexpansion:sprinter":1,"irons_spellbooks:necromancer":1,"minecraft:sheep":1,"minecraft:zombie":7,"born_in_chaos_v1:corpse_fly":4,"born_in_chaos_v1:dark_vortex":1,"minecraft:stray":2},"minecraft:crafted":{"minecraft:oak_planks":76,"minecraft:stone_shovel":1,"minecraft:stone_pickaxe":1,"minecraft:wheat":72,"minecraft:golden_axe":1,"minecraft:crafting_table":6,"minecraft:wooden_pickaxe":1,"minecraft:stone_axe":1,"minecraft:oak_boat":1,"minecraft:shield":2,"minecraft:stick":12,"quark:oak_chest":1,"minecraft:stone_sword":4,"minecraft:gold_ingot":3},"minecraft:used":{"minecraft:writable_book":1,"minecraft:stone_sword":282,"minecraft:carved_pumpkin":1,"minecraft:armor_stand":2,"minecraft:shield":6,"earthmobsmod:fancy_egg":1,"minecraft:dirt":3,"minecraft:carrot":4,"minecraft:lantern":1,"minecraft:oak_sapling":1,"tombstone:gift":4,"minecraft:egg":1,"minecraft:stone_pickaxe":82,"minecraft:oak_planks":13,"minecraft:wooden_pickaxe":6,"luminousworld:groundpebbles_1":1,"minecraft:mossy_cobblestone":1,"minecraft:sand":4,"minecraft:crafting_table":6,"minecraft:stone_brick_wall":2,"relics:horse_flute":1,"ecologics:coconut_slice":7,"tombstone:grave_key":1,"minecraft:stone_axe":26,"domesticationinnovation:drum":1,"minecraft:cobblestone":8,"ecologics:coconut_log":3,"minecraft:smooth_stone_slab":2,"quark:oak_chest":1,"minecraft:oak_boat":1,"alexsmobs:animal_dictionary":2},"minecraft:broken":{"minecraft:stone_sword":2},"minecraft:killed_by":{"minecraft:player":2,"minecraft:drowned":1,"enemyexpansion:meature":1,"enemyexpansion:huntsman":1,"undead_revamp2:bomber":1,"minecraft:zombie":2,"minecraft:vex":1},"minecraft:dropped":{"minecraft:bread":14,"minecraft:cobblestone":10,"minecraft:leather":2,"minecraft:spruce_stairs":3,"minecraft:leather_helmet":2,"minecraft:armor_stand":2,"minecraft:stone_sword":3,"minecraft:oak_planks":7,"minecraft:chainmail_chestplate":1,"minecraft:leather_chestplate":2,"minecraft:shield":1,"minecraft:bundle":1,"luminousworld:groundpebbles_1":2,"born_in_chaos_v1:corpse_maggot":1,"ecologics:coconut_husk":14,"iceandfire:bestiary":1,"minecraft:leather_leggings":3,"tombstone:essence_of_undeath":1,"minecraft:diamond_boots":2,"minecraft:stone_pickaxe":2,"minecraft:bell":3},"minecraft:mined":{"luminousworld:groundpebbles_1":2,"iceandfire:silver_ore":3,"minecraft:mossy_cobblestone":4,"luminousworld:grassvariant_4":6,"iceandfire:copper_pile":2,"minecraft:carved_pumpkin":2,"minecraft:grass_block":4,"ecologics:coconut_leaves":1,"luminousworld:grassvariant_2":6,"ecologics:coconut_log":4,"minecraft:spawner":2,"minecraft:hay_block":14,"minecraft:fire":1,"minecraft:bookshelf":8,"iceandfire:gold_pile":3,"irons_spellbooks:inscription_table":1,"minecraft:stone":35,"minecraft:acacia_leaves":1,"domesticationinnovation:drum":1,"minecraft:oak_fence":2,"born_in_chaos_v1:spiny_shell_trap":1,"minecraft:oak_planks":1,"minecraft:spruce_stairs":1,"minecraft:grass":15,"minecraft:oak_log":42,"minecraft:coal_ore":9,"ecologics:hanging_coconut":6,"minecraft:zombie_head":1,"minecraft:sand":8,"minecraft:dirt":7,"luminousworld:grassvariant_3":1,"minecraft:cobweb":3,"minecraft:oak_leaves":12},"minecraft:custom":{"lootr:looted_stat":17,"minecraft:mob_kills":28,"minecraft:animals_bred":1,"minecraft:interact_with_crafting_table":14,"minecraft:open_barrel":10,"minecraft:damage_dealt_resisted":1405,"minecraft:leave_game":6,"minecraft:time_since_death":4765,"minecraft:climb_one_cm":2860,"minecraft:sprint_one_cm":557719,"minecraft:walk_one_cm":356444,"minecraft:damage_blocked_by_shield":125,"minecraft:drop":35,"minecraft:talked_to_villager":6,"minecraft:play_time":159747,"minecraft:deaths":14,"minecraft:sneak_time":2267,"minecraft:walk_under_water_one_cm":46468,"minecraft:boat_one_cm":49557,"minecraft:jump":2426,"minecraft:interact_with_brewingstand":1,"minecraft:walk_on_water_one_cm":25762,"minecraft:total_world_time":159747,"minecraft:interact_with_furnace":3,"minecraft:sleep_in_bed":6,"minecraft:time_since_rest":4523,"minecraft:damage_taken":4493,"minecraft:damage_dealt":4946,"minecraft:swim_one_cm":161669,"minecraft:fly_one_cm":383168,"minecraft:player_kills":3,"minecraft:open_chest":3,"minecraft:crouch_one_cm":3751,"waystones:waystone_activated":1,"tombstone:undead_killed":14,"minecraft:fall_one_cm":57414}},"DataVersion":3465}