{"stats":{"minecraft:picked_up":{"luminousworld:groundpebbles_1":3,"minecraft:wheat":1,"minecraft:leather_leggings":4,"earthmobsmod:fancy_egg":2,"minecraft:stone_brick_wall":2,"minecraft:string":3,"minecraft:smooth_stone_slab":2,"minecraft:armor_stand":4,"minecraft:white_carpet":1,"minecraft:zombie_head":1,"irons_spellbooks:arcane_essence":3,"minecraft:gold_nugget":32,"minecraft:beef":19,"minecraft:cobblestone_slab":1,"irons_spellbooks:inscription_table":1,"knightlib:small_essence":4,"minecraft:egg":1,"minecraft:tipped_arrow":2,"minecraft:stick":2,"ecologics:coconut_slice":7,"minecraft:oak_fence":4,"minecraft:torch":1,"minecraft:spruce_stairs":3,"sophisticatedbackpacks:backpack":1,"minecraft:stone_button":3,"minecraft:carrot":1,"minecraft:rabbit_foot":1,"minecraft:stone_sword":2,"minecraft:arrow":2,"minecraft:rotten_flesh":10,"minecraft:diamond_boots":5,"minecraft:hay_block":14,"ecologics:coconut_log":3,"minecraft:carved_pumpkin":2,"tombstone:essence_of_undeath":1,"supplementaries:ash":1,"minecraft:mutton":2,"minecraft:cobblestone":58,"born_in_chaos_v1:spiny_shell_trap":1,"born_in_chaos_v1:corpse_maggot":8,"minecraft:leather_chestplate":4,"minecraft:leather":8,"paraglider:spirit_orb":4,"minecraft:oak_log":42,"minecraft:chainmail_chestplate":2,"minecraft:dirt":12,"minecraft:lantern":1,"minecraft:cooked_mutton":1,"minecraft:bone":4,"iceandfire:pixie_jar_empty":1,"minecraft:wheat_seeds":7,"minecraft:rabbit_hide":3,"minecraft:bell":5,"minecraft:iron_ingot":1,"minecraft:stone_pickaxe":2,"relics:infinity_ham":2,"minecraft:iron_sword":1,"minecraft:oak_planks":29,"minecraft:book":84,"iceandfire:copper_nugget":24,"irons_spellbooks:frozen_bone":4,"born_in_chaos_v1:ethereal_spirit":1,"ecologics:coconut_husk":7,"minecraft:sand":7,"born_in_chaos_v1:dark_rod":1,"minecraft:leather_helmet":3,"minecraft:mossy_cobblestone":4,"minecraft:bundle":1,"born_in_chaos_v1:fire_dust":1,"luminousworld:yellowpetunias":3,"minecraft:iron_helmet":8,"minecraft:writable_book":1,"domesticationinnovation:drum":2,"minecraft:bread":15,"tombstone:magic_scroll":1,"minecraft:oak_sapling":1,"minecraft:black_wool":1,"iceandfire:silver_nugget":18,"minecraft:coal":12,"iceandfire:raw_silver":3},"minecraft:killed":{"earthmobsmod:jumbo_rabbit":1,"enemyexpansion:equestrian":1,"minecraft:spider":1,"born_in_chaos_v1:thornshell_crab":1,"enemyexpansion:direwolf":1,"born_in_chaos_v1:maggot":2,"minecraft:bee":3,"minecraft:drowned":2,"born_in_chaos_v1:firelight_not_despawn":1,"undead_revamp2:thespitter":1,"earthmobsmod:albino_cow":4,"enemyexpansion:sprinter":1,"irons_spellbooks:necromancer":1,"minecraft:sheep":1,"minecraft:zombie":7,"iceandfire:ghost":1,"born_in_chaos_v1:corpse_fly":4,"born_in_chaos_v1:dark_vortex":1,"minecraft:stray":2,"minecraft:cow":1},"minecraft:crafted":{"minecraft:oak_planks":104,"minecraft:stone_shovel":1,"minecraft:leather_boots":1,"minecraft:stone_pickaxe":2,"minecraft:wheat":126,"minecraft:golden_axe":1,"minecraft:crafting_table":8,"minecraft:wooden_pickaxe":1,"minecraft:stone_axe":1,"minecraft:oak_boat":1,"minecraft:shield":2,"minecraft:stick":16,"quark:oak_chest":1,"minecraft:stone_sword":5,"minecraft:gold_ingot":3},"minecraft:used":{"irons_spellbooks:inscription_table":1,"minecraft:writable_book":1,"minecraft:stone_sword":326,"minecraft:carved_pumpkin":1,"minecraft:armor_stand":2,"minecraft:stone_shovel":55,"minecraft:shield":48,"earthmobsmod:fancy_egg":2,"minecraft:torch":1,"minecraft:dirt":3,"minecraft:white_carpet":1,"iceandfire:pixie_dust":1,"minecraft:carrot":4,"minecraft:lantern":1,"minecraft:iron_helmet":1,"minecraft:oak_sapling":1,"tombstone:gift":5,"minecraft:egg":1,"minecraft:stone_pickaxe":115,"minecraft:oak_planks":35,"minecraft:wooden_pickaxe":6,"luminousworld:groundpebbles_1":1,"minecraft:leather_boots":1,"luminousworld:yellowpetunias":3,"minecraft:mossy_cobblestone":1,"minecraft:sand":4,"minecraft:crafting_table":8,"minecraft:stone_brick_wall":2,"relics:horse_flute":1,"ecologics:coconut_slice":7,"tombstone:grave_key":12,"minecraft:stone_axe":69,"domesticationinnovation:drum":2,"minecraft:cobblestone":8,"ecologics:coconut_log":3,"quark:oak_chest":1,"minecraft:smooth_stone_slab":2,"minecraft:oak_boat":1,"alexsmobs:animal_dictionary":4},"minecraft:broken":{"minecraft:leather_helmet":1,"minecraft:stone_sword":3,"minecraft:leather_leggings":1,"minecraft:leather_chestplate":1,"minecraft:stone_pickaxe":1,"minecraft:stone_axe":1},"minecraft:killed_by":{"minecraft:player":2,"enemyexpansion:equestrian":1,"minecraft:drowned":1,"enemyexpansion:meature":1,"enemyexpansion:huntsman":1,"undead_revamp2:bomber":1,"iceandfire:ice_dragon":3,"minecraft:zombie":2,"iceandfire:ghost":5,"minecraft:vex":1},"minecraft:dropped":{"minecraft:bread":14,"minecraft:wheat_seeds":4,"minecraft:cobblestone":10,"relics:infinity_ham":1,"minecraft:leather":6,"minecraft:spruce_stairs":3,"minecraft:leather_helmet":2,"minecraft:armor_stand":2,"minecraft:stone_sword":3,"minecraft:oak_planks":7,"minecraft:chainmail_chestplate":1,"minecraft:leather_chestplate":2,"minecraft:shield":1,"minecraft:bundle":1,"luminousworld:groundpebbles_1":2,"born_in_chaos_v1:corpse_maggot":1,"ecologics:coconut_husk":14,"iceandfire:bestiary":1,"minecraft:leather_leggings":3,"tombstone:essence_of_undeath":1,"minecraft:diamond_boots":2,"minecraft:beef":8,"minecraft:stone_pickaxe":2,"minecraft:bell":3},"minecraft:mined":{"luminousworld:groundpebbles_1":2,"luminousworld:yellowpetunias":2,"iceandfire:silver_ore":3,"minecraft:mossy_cobblestone":4,"luminousworld:grassvariant_4":6,"iceandfire:copper_pile":2,"minecraft:carved_pumpkin":2,"minecraft:grass_block":5,"ecologics:coconut_leaves":1,"luminousworld:grassvariant_2":9,"ecologics:coconut_log":4,"minecraft:spawner":2,"minecraft:hay_block":14,"minecraft:fire":1,"minecraft:dirt_path":1,"minecraft:bookshelf":29,"minecraft:vine":1,"iceandfire:gold_pile":3,"irons_spellbooks:inscription_table":1,"minecraft:stone":57,"iceandfire:pixie_jar_empty":1,"minecraft:acacia_leaves":1,"domesticationinnovation:drum":2,"ecologics:thin_ice":1,"minecraft:oak_fence":2,"born_in_chaos_v1:spiny_shell_trap":1,"iceandfire:dragon_ice_spikes":1,"luminousworld:grassflowers":1,"minecraft:tall_grass":3,"minecraft:cobblestone":2,"minecraft:oak_planks":5,"minecraft:wall_torch":1,"minecraft:spruce_stairs":1,"minecraft:white_carpet":1,"minecraft:grass":36,"minecraft:oak_log":42,"minecraft:coal_ore":12,"ecologics:hanging_coconut":6,"minecraft:zombie_head":1,"minecraft:sand":8,"minecraft:dirt":7,"luminousworld:grassvariant_3":2,"minecraft:cobweb":3,"minecraft:oak_leaves":14},"minecraft:custom":{"lootr:looted_stat":20,"minecraft:mob_kills":38,"minecraft:animals_bred":3,"minecraft:interact_with_crafting_table":18,"minecraft:open_barrel":12,"minecraft:damage_dealt_resisted":1405,"minecraft:leave_game":8,"minecraft:time_since_death":14366,"minecraft:climb_one_cm":4574,"minecraft:sprint_one_cm":812483,"minecraft:walk_one_cm":479373,"minecraft:damage_blocked_by_shield":650,"minecraft:drop":42,"minecraft:talked_to_villager":8,"minecraft:play_time":237122,"minecraft:sneak_time":3970,"minecraft:deaths":26,"minecraft:walk_under_water_one_cm":68304,"minecraft:boat_one_cm":49557,"minecraft:interact_with_brewingstand":1,"minecraft:jump":3979,"minecraft:walk_on_water_one_cm":35012,"minecraft:total_world_time":237122,"minecraft:interact_with_furnace":5,"minecraft:sleep_in_bed":13,"minecraft:time_since_rest":12003,"minecraft:damage_taken":8466,"minecraft:trigger_trapped_chest":3,"minecraft:damage_dealt":7521,"minecraft:player_kills":3,"minecraft:swim_one_cm":188145,"minecraft:fly_one_cm":701790,"minecraft:open_chest":3,"waystones:waystone_activated":1,"minecraft:crouch_one_cm":8544,"tombstone:undead_killed":16,"minecraft:fall_one_cm":101492}},"DataVersion":3465}