{"stats":{"minecraft:picked_up":{"luminousworld:groundpebbles_1":3,"minecraft:wheat":1,"minecraft:redstone_block":1,"minecraft:clay_ball":3,"minecraft:leather_leggings":5,"earthmobsmod:fancy_egg":2,"minecraft:stone_brick_wall":2,"minecraft:cornflower":1,"minecraft:string":4,"minecraft:item_frame":1,"minecraft:smooth_stone_slab":2,"minecraft:armor_stand":5,"minecraft:white_carpet":1,"minecraft:zombie_head":1,"irons_spellbooks:arcane_essence":3,"minecraft:gold_nugget":32,"minecraft:beef":19,"minecraft:cobblestone_slab":1,"quark:black_shard":10,"minecraft:poppy":7,"irons_spellbooks:inscription_table":2,"knightlib:small_essence":5,"minecraft:egg":1,"minecraft:tipped_arrow":2,"minecraft:stick":2,"luminousworld:blue_petunias":9,"ecologics:coconut_slice":7,"minecraft:oak_fence":4,"minecraft:torch":1,"minecraft:spruce_stairs":3,"sophisticatedbackpacks:backpack":1,"minecraft:stone_button":3,"minecraft:carrot":1,"minecraft:rabbit_foot":1,"minecraft:stone_sword":3,"minecraft:arrow":2,"minecraft:rotten_flesh":13,"minecraft:peony":1,"minecraft:diamond_boots":6,"minecraft:hay_block":14,"ecologics:coconut_log":3,"minecraft:carved_pumpkin":2,"tombstone:essence_of_undeath":1,"supplementaries:ash":1,"minecraft:mutton":2,"minecraft:white_wool":8,"minecraft:cobblestone":59,"minecraft:oxeye_daisy":1,"born_in_chaos_v1:spiny_shell_trap":1,"born_in_chaos_v1:corpse_maggot":8,"minecraft:leather_chestplate":5,"minecraft:leather":8,"paraglider:spirit_orb":4,"minecraft:oak_log":42,"minecraft:chainmail_chestplate":2,"minecraft:dirt":12,"minecraft:lantern":2,"minecraft:white_banner":1,"minecraft:cooked_mutton":1,"minecraft:bone":4,"iceandfire:pixie_jar_empty":1,"minecraft:wheat_seeds":9,"minecraft:rabbit_hide":3,"minecraft:bell":5,"minecraft:iron_ingot":1,"minecraft:stone_pickaxe":2,"minecraft:rabbit":1,"relics:infinity_ham":2,"luminousworld:white_petunias":1,"minecraft:iron_sword":1,"minecraft:oak_planks":29,"minecraft:book":84,"iceandfire:copper_nugget":38,"irons_spellbooks:frozen_bone":4,"born_in_chaos_v1:ethereal_spirit":1,"minecraft:dandelion":1,"ecologics:coconut_husk":7,"minecraft:sand":7,"born_in_chaos_v1:dark_rod":1,"minecraft:leather_helmet":4,"minecraft:mossy_cobblestone":4,"minecraft:bundle":2,"born_in_chaos_v1:fire_dust":1,"waystones:waystone":1,"luminousworld:yellowpetunias":3,"minecraft:iron_helmet":8,"minecraft:writable_book":1,"domesticationinnovation:drum":2,"minecraft:bread":15,"tombstone:magic_scroll":1,"minecraft:oak_sapling":1,"minecraft:black_wool":1,"iceandfire:silver_nugget":18,"minecraft:coal":12,"iceandfire:raw_silver":3},"minecraft:crafted":{"minecraft:oak_planks":168,"minecraft:stone_shovel":1,"minecraft:leather_boots":1,"minecraft:red_banner":1,"minecraft:stone_pickaxe":2,"minecraft:wheat":126,"minecraft:golden_axe":1,"minecraft:red_dye":7,"minecraft:crafting_table":9,"minecraft:wooden_pickaxe":1,"minecraft:red_wool":7,"minecraft:stone_axe":1,"minecraft:blue_dye":1,"minecraft:oak_boat":1,"minecraft:shield":3,"minecraft:stick":20,"quark:oak_chest":2,"minecraft:stone_sword":5,"minecraft:gold_ingot":3},"minecraft:killed":{"undead_revamp2:thewolf":1,"earthmobsmod:jumbo_rabbit":1,"minecraft:vindicator":1,"enemyexpansion:equestrian":1,"minecraft:spider":1,"undead_revamp2:axestrom":2,"born_in_chaos_v1:thornshell_crab":1,"enemyexpansion:direwolf":1,"born_in_chaos_v1:maggot":2,"minecraft:bee":3,"minecraft:drowned":2,"born_in_chaos_v1:firelight_not_despawn":1,"undead_revamp2:thespitter":1,"earthmobsmod:albino_cow":4,"undead_revamp2:the_moonflower":1,"enemyexpansion:sprinter":1,"irons_spellbooks:necromancer":1,"minecraft:sheep":1,"minecraft:zombie":7,"iceandfire:ghost":2,"born_in_chaos_v1:corpse_fly":4,"born_in_chaos_v1:dark_vortex":1,"minecraft:stray":2,"minecraft:cow":3},"minecraft:used":{"irons_spellbooks:inscription_table":1,"minecraft:writable_book":1,"minecraft:stone_sword":375,"minecraft:carved_pumpkin":1,"minecraft:armor_stand":3,"minecraft:stone_shovel":55,"minecraft:shield":56,"earthmobsmod:fancy_egg":2,"minecraft:torch":1,"minecraft:dirt":3,"minecraft:white_carpet":1,"iceandfire:pixie_dust":1,"minecraft:carrot":4,"minecraft:lantern":2,"minecraft:iron_helmet":1,"minecraft:oak_sapling":1,"tombstone:gift":5,"minecraft:egg":1,"minecraft:stone_pickaxe":120,"minecraft:oak_planks":35,"minecraft:wooden_pickaxe":6,"minecraft:redstone_block":1,"luminousworld:groundpebbles_1":1,"minecraft:leather_boots":1,"luminousworld:yellowpetunias":3,"minecraft:mossy_cobblestone":1,"minecraft:sand":4,"luminousworld:white_petunias":1,"minecraft:crafting_table":9,"minecraft:stone_brick_wall":2,"relics:horse_flute":1,"minecraft:oxeye_daisy":1,"ecologics:coconut_slice":7,"tombstone:grave_key":12,"minecraft:stone_axe":69,"domesticationinnovation:drum":3,"minecraft:cobblestone":9,"ecologics:coconut_log":3,"quark:oak_chest":2,"minecraft:smooth_stone_slab":2,"minecraft:oak_boat":1,"alexsmobs:animal_dictionary":4},"minecraft:broken":{"minecraft:leather_helmet":1,"minecraft:stone_sword":3,"minecraft:leather_leggings":1,"minecraft:leather_chestplate":1,"minecraft:stone_pickaxe":1,"minecraft:stone_axe":1},"minecraft:killed_by":{"minecraft:player":2,"undead_revamp2:the_moonflower":1,"enemyexpansion:equestrian":1,"minecraft:drowned":1,"enemyexpansion:meature":1,"enemyexpansion:huntsman":1,"undead_revamp2:bomber":1,"iceandfire:ice_dragon":3,"minecraft:zombie":2,"iceandfire:ghost":5,"minecraft:vex":1},"minecraft:dropped":{"minecraft:bread":14,"minecraft:wheat_seeds":4,"minecraft:cobblestone":10,"relics:infinity_ham":1,"minecraft:leather":6,"minecraft:spruce_stairs":3,"minecraft:leather_helmet":2,"minecraft:armor_stand":2,"minecraft:stone_sword":4,"minecraft:wheat":13,"minecraft:oak_planks":7,"minecraft:chainmail_chestplate":1,"minecraft:leather_chestplate":2,"minecraft:shield":1,"minecraft:bundle":1,"luminousworld:groundpebbles_1":2,"born_in_chaos_v1:corpse_maggot":1,"ecologics:coconut_husk":14,"iceandfire:bestiary":1,"minecraft:leather_leggings":3,"tombstone:essence_of_undeath":1,"minecraft:diamond_boots":2,"minecraft:beef":8,"minecraft:stone_pickaxe":2,"minecraft:bell":3,"domesticationinnovation:collar_tag":1},"minecraft:mined":{"luminousworld:white_petunias":1,"luminousworld:groundpebbles_1":2,"luminousworld:yellowpetunias":2,"iceandfire:silver_ore":3,"minecraft:mossy_cobblestone":4,"luminousworld:grassvariant_4":6,"iceandfire:copper_pile":4,"luminousworld:blue_petunias":9,"minecraft:carved_pumpkin":2,"minecraft:grass_block":5,"ecologics:coconut_leaves":1,"luminousworld:grassvariant_2":11,"ecologics:coconut_log":4,"minecraft:spawner":2,"minecraft:hay_block":14,"minecraft:fire":1,"minecraft:dirt_path":1,"minecraft:bookshelf":29,"minecraft:vine":1,"iceandfire:gold_pile":3,"irons_spellbooks:inscription_table":2,"minecraft:stone":57,"minecraft:white_wool":8,"iceandfire:pixie_jar_empty":1,"minecraft:acacia_leaves":1,"minecraft:redstone_block":1,"domesticationinnovation:drum":2,"minecraft:dandelion":1,"ecologics:thin_ice":1,"minecraft:oak_fence":2,"born_in_chaos_v1:spiny_shell_trap":1,"iceandfire:dragon_ice_spikes":1,"minecraft:cornflower":1,"minecraft:poppy":7,"luminousworld:grassflowers":1,"minecraft:tall_grass":5,"minecraft:cobblestone":3,"minecraft:oak_planks":5,"minecraft:wall_torch":1,"minecraft:spruce_stairs":1,"minecraft:white_carpet":1,"minecraft:white_wall_banner":1,"minecraft:grass":43,"minecraft:oak_log":42,"minecraft:coal_ore":12,"ecologics:hanging_coconut":6,"minecraft:zombie_head":1,"minecraft:sand":8,"minecraft:dirt":7,"luminousworld:grassvariant_3":2,"minecraft:cobweb":3,"minecraft:oak_leaves":14},"minecraft:custom":{"lootr:looted_stat":20,"minecraft:mob_kills":46,"minecraft:animals_bred":3,"minecraft:interact_with_crafting_table":26,"minecraft:open_barrel":12,"minecraft:damage_dealt_resisted":1435,"minecraft:leave_game":8,"minecraft:time_since_death":12976,"minecraft:climb_one_cm":4574,"minecraft:sprint_one_cm":890385,"minecraft:walk_one_cm":527654,"minecraft:damage_blocked_by_shield":890,"minecraft:drop":57,"minecraft:talked_to_villager":8,"minecraft:play_time":261122,"minecraft:sneak_time":4048,"minecraft:deaths":27,"minecraft:walk_under_water_one_cm":69067,"minecraft:boat_one_cm":49557,"minecraft:interact_with_brewingstand":1,"minecraft:jump":4366,"minecraft:walk_on_water_one_cm":36535,"minecraft:total_world_time":261122,"minecraft:interact_with_furnace":5,"tombstone:raider_killed":1,"minecraft:sleep_in_bed":13,"minecraft:time_since_rest":12564,"minecraft:damage_taken":8796,"minecraft:trigger_trapped_chest":3,"minecraft:damage_dealt":8199,"minecraft:player_kills":3,"minecraft:swim_one_cm":192116,"minecraft:fly_one_cm":774108,"minecraft:open_chest":12,"waystones:waystone_activated":1,"minecraft:crouch_one_cm":8738,"tombstone:undead_killed":19,"minecraft:fall_one_cm":112289}},"DataVersion":3465}