{"stats":{"minecraft:picked_up":{"minecraft:wheat":64,"minecraft:redstone_block":1,"minecraft:golden_pickaxe":1,"ecologics:seashell":1,"minecraft:wooden_pickaxe":1,"minecraft:stone_brick_wall":2,"minecraft:enchanted_book":1,"minecraft:shield":1,"paraglider:goddess_statue":1,"minecraft:string":31,"minecraft:raw_copper":27,"minecraft:smooth_stone_slab":3,"minecraft:item_frame":1,"minecraft:experience_bottle":1,"iceandfire:bestiary":1,"minecraft:gold_nugget":22,"minecraft:beef":25,"minecraft:coal_block":3,"knightlib:small_essence":2,"minecraft:stick":1,"ecologics:coconut_slice":10,"ecologics:coconut_seedling":1,"minecraft:porkchop":10,"tombstone:grave_dust":1,"minecraft:tnt":1,"luminousworld:grassflowers":1,"minecraft:rotten_flesh":7,"minecraft:stone_sword":2,"minecraft:hay_block":13,"tombstone:essence_of_undeath":1,"born_in_chaos_v1:spiny_shell":4,"supplementaries:ash":1,"minecraft:mutton":2,"minecraft:cobblestone":26,"minecraft:white_wool":3,"born_in_chaos_v1:corpse_maggot":3,"minecraft:leather":17,"paraglider:spirit_orb":2,"minecraft:oak_log":23,"minecraft:map":1,"minecraft:dirt":26,"minecraft:white_banner":1,"minecraft:stone_bricks":6,"minecraft:wheat_seeds":200,"minecraft:iron_ingot":1,"minecraft:stone_pickaxe":1,"minecraft:oak_planks":7,"minecraft:book":3,"minecraft:oak_slab":1,"iceandfire:copper_nugget":8,"minecraft:dandelion":1,"minecraft:white_bed":2,"minecraft:mossy_cobblestone":4,"minecraft:firework_rocket":1,"minecraft:bundle":1,"born_in_chaos_v1:fire_dust":2,"minecraft:iron_helmet":1,"minecraft:bread":14,"tombstone:magic_scroll":1,"minecraft:oak_sapling":5,"minecraft:coal":21,"iceandfire:silver_nugget":22},"minecraft:killed":{"born_in_chaos_v1:maggot":1,"minecraft:horse":1,"born_in_chaos_v1:corpse_fish":1,"minecraft:pig":4,"earthmobsmod:lobber_zombie":1,"minecraft:sheep":1,"minecraft:zombie":2,"iceandfire:ghost":1,"born_in_chaos_v1:corpse_fly":1,"minecraft:cow":8},"minecraft:used":{"minecraft:stone_sword":162,"iceandfire:armor_copper_metal_leggings":1,"minecraft:shield":32,"minecraft:rotten_flesh":2,"iceandfire:armor_copper_metal_boots":1,"minecraft:dirt":7,"minecraft:mutton":2,"born_in_chaos_v1:spiny_shell_trap":1,"ecologics:seashell":1,"minecraft:carrot":2,"minecraft:stone_bricks":6,"minecraft:beef":8,"minecraft:oak_sapling":5,"iceandfire:armor_copper_metal_helmet":1,"tombstone:gift":2,"cardiac:life_bottle":2,"minecraft:stone_pickaxe":64,"minecraft:oak_planks":51,"minecraft:wooden_pickaxe":54,"minecraft:redstone_block":1,"minecraft:crafting_table":6,"minecraft:white_bed":1,"iceandfire:armor_copper_metal_chestplate":1,"minecraft:apple":3,"minecraft:bread":29,"ecologics:coconut_slice":9,"minecraft:wooden_sword":73,"minecraft:cobblestone":13,"minecraft:porkchop":10,"minecraft:experience_bottle":1},"minecraft:crafted":{"minecraft:wooden_sword":2,"minecraft:oak_planks":88,"minecraft:coal":27,"iceandfire:armor_copper_metal_leggings":1,"iceandfire:armor_copper_metal_boots":1,"iceandfire:armor_copper_metal_helmet":1,"iceandfire:armor_copper_metal_chestplate":1,"minecraft:wheat":117,"paraglider:paraglider":1,"iceandfire:silver_ingot":4,"minecraft:crafting_table":6,"minecraft:wooden_pickaxe":1,"minecraft:copper_ingot":27,"born_in_chaos_v1:spiny_shell_trap":1,"minecraft:bread":58,"minecraft:shield":1,"minecraft:stick":8,"minecraft:stone_sword":1},"minecraft:broken":{"minecraft:wooden_sword":1},"minecraft:killed_by":{"minecraft:player":3,"minecraft:iron_golem":1,"enemyexpansion:equestrian":1,"born_in_chaos_v1:corpse_fly":1,"minecraft:drowned":1,"enemyexpansion:wasp":1,"earthmobsmod:lobber_zombie":1,"born_in_chaos_v1:corpse_fish":1},"minecraft:dropped":{"minecraft:bread":14,"knightlib:small_essence":2,"minecraft:wheat_seeds":83,"minecraft:mossy_cobblestone":4,"minecraft:dirt":17,"iceandfire:copper_nugget":8,"minecraft:map":1,"tombstone:grave_dust":2,"minecraft:wooden_sword":1,"minecraft:string":29,"minecraft:dandelion":1,"minecraft:bone":4,"iceandfire:silver_nugget":2,"minecraft:stone_sword":2,"minecraft:smooth_stone_slab":3,"minecraft:wheat":2,"minecraft:rotten_flesh":3,"born_in_chaos_v1:smoked_flesh":3,"minecraft:white_bed":1,"supplementaries:ash":1,"born_in_chaos_v1:corpse_maggot":2,"minecraft:stone_brick_wall":2,"ecologics:coconut_husk":9,"iceandfire:bestiary":1,"minecraft:beef":15,"minecraft:wooden_pickaxe":1},"minecraft:mined":{"minecraft:white_bed":2,"minecraft:mossy_cobblestone":3,"luminousworld:grassvariant_4":1,"iceandfire:copper_pile":2,"minecraft:grass_block":20,"minecraft:stone_brick_wall":2,"ecologics:coconut_leaves":2,"luminousworld:grassvariant_2":4,"minecraft:coal_block":3,"minecraft:spawner":1,"minecraft:hay_block":13,"minecraft:fire":1,"iceandfire:gold_pile":6,"minecraft:cobblestone_slab":2,"minecraft:white_banner":1,"minecraft:stone":19,"minecraft:white_wool":2,"minecraft:oak_slab":1,"minecraft:redstone_block":1,"minecraft:glass_pane":1,"minecraft:dandelion":1,"minecraft:oak_fence":1,"minecraft:copper_ore":6,"minecraft:tall_grass":5,"minecraft:oak_planks":12,"ecologics:seashell":1,"minecraft:wheat":56,"minecraft:birch_leaves":2,"minecraft:tnt":1,"minecraft:smooth_stone_slab":2,"minecraft:grass":27,"minecraft:oak_log":23,"minecraft:coal_ore":21,"iceandfire:silver_pile":12,"ecologics:hanging_coconut":9,"minecraft:sand":1,"minecraft:dirt":10,"luminousworld:grassvariant_3":5,"minecraft:cobweb":31,"minecraft:stone_bricks":10,"minecraft:oak_leaves":27,"paraglider:goddess_statue":1},"minecraft:custom":{"lootr:looted_stat":15,"minecraft:mob_kills":21,"minecraft:animals_bred":4,"minecraft:interact_with_crafting_table":15,"minecraft:open_barrel":6,"minecraft:damage_dealt_resisted":325,"minecraft:leave_game":2,"minecraft:time_since_death":15930,"minecraft:climb_one_cm":4356,"minecraft:sprint_one_cm":724868,"minecraft:walk_one_cm":362718,"minecraft:damage_blocked_by_shield":731,"minecraft:drop":66,"minecraft:play_time":184932,"minecraft:deaths":13,"minecraft:sneak_time":1075,"minecraft:walk_under_water_one_cm":54057,"minecraft:boat_one_cm":67318,"minecraft:jump":3084,"minecraft:interact_with_blast_furnace":3,"minecraft:walk_on_water_one_cm":45368,"minecraft:total_world_time":184932,"minecraft:sleep_in_bed":5,"minecraft:time_since_rest":12003,"minecraft:damage_taken":5389,"minecraft:damage_dealt":4601,"minecraft:swim_one_cm":131245,"minecraft:fly_one_cm":462300,"minecraft:player_kills":2,"minecraft:open_chest":1,"minecraft:crouch_one_cm":272,"waystones:waystone_activated":1,"tombstone:undead_killed":4,"minecraft:fall_one_cm":74352}},"DataVersion":3465}