{"stats":{"minecraft:picked_up":{"minecraft:wheat":64,"minecraft:golden_pickaxe":1,"ecologics:seashell":1,"minecraft:wooden_pickaxe":1,"minecraft:stone_brick_wall":2,"minecraft:enchanted_book":1,"minecraft:shield":1,"paraglider:goddess_statue":1,"minecraft:string":31,"minecraft:smooth_stone_slab":2,"minecraft:item_frame":1,"minecraft:experience_bottle":1,"iceandfire:bestiary":1,"minecraft:gold_nugget":4,"minecraft:beef":17,"minecraft:coal_block":3,"knightlib:small_essence":2,"minecraft:stick":1,"ecologics:coconut_slice":10,"ecologics:coconut_seedling":1,"minecraft:porkchop":10,"tombstone:grave_dust":1,"minecraft:tnt":1,"minecraft:rotten_flesh":5,"minecraft:stone_sword":2,"minecraft:hay_block":13,"tombstone:essence_of_undeath":1,"born_in_chaos_v1:spiny_shell":4,"supplementaries:ash":1,"minecraft:mutton":2,"minecraft:cobblestone":23,"minecraft:white_wool":3,"born_in_chaos_v1:corpse_maggot":3,"minecraft:leather":13,"paraglider:spirit_orb":2,"minecraft:oak_log":23,"minecraft:map":1,"minecraft:dirt":15,"minecraft:white_banner":1,"minecraft:stone_bricks":6,"minecraft:wheat_seeds":191,"minecraft:iron_ingot":1,"minecraft:stone_pickaxe":1,"minecraft:oak_planks":7,"minecraft:book":3,"iceandfire:copper_nugget":8,"minecraft:dandelion":1,"minecraft:white_bed":2,"minecraft:mossy_cobblestone":4,"minecraft:firework_rocket":1,"minecraft:bundle":1,"born_in_chaos_v1:fire_dust":2,"minecraft:bread":14,"minecraft:oak_sapling":5,"minecraft:coal":3,"iceandfire:silver_nugget":12},"minecraft:killed":{"born_in_chaos_v1:maggot":1,"minecraft:horse":1,"born_in_chaos_v1:corpse_fish":1,"minecraft:pig":4,"earthmobsmod:lobber_zombie":1,"minecraft:sheep":1,"minecraft:zombie":2,"born_in_chaos_v1:corpse_fly":1,"minecraft:cow":8},"minecraft:used":{"minecraft:stone_sword":122,"minecraft:shield":31,"minecraft:rotten_flesh":2,"minecraft:dirt":7,"minecraft:mutton":2,"born_in_chaos_v1:spiny_shell_trap":1,"ecologics:seashell":1,"minecraft:carrot":2,"minecraft:stone_bricks":6,"minecraft:beef":8,"minecraft:oak_sapling":5,"tombstone:gift":2,"cardiac:life_bottle":2,"minecraft:stone_pickaxe":19,"minecraft:oak_planks":46,"minecraft:wooden_pickaxe":54,"minecraft:crafting_table":5,"minecraft:white_bed":1,"minecraft:apple":3,"minecraft:bread":17,"ecologics:coconut_slice":9,"minecraft:wooden_sword":73,"minecraft:cobblestone":13,"minecraft:porkchop":10,"minecraft:experience_bottle":1},"minecraft:crafted":{"minecraft:wooden_sword":2,"minecraft:oak_planks":88,"minecraft:wheat":117,"paraglider:paraglider":1,"minecraft:crafting_table":5,"minecraft:wooden_pickaxe":1,"born_in_chaos_v1:spiny_shell_trap":1,"minecraft:bread":58,"minecraft:shield":1,"minecraft:stick":8,"minecraft:stone_sword":1},"minecraft:broken":{"minecraft:wooden_sword":1},"minecraft:killed_by":{"minecraft:player":3,"minecraft:iron_golem":1,"born_in_chaos_v1:corpse_fly":1,"minecraft:drowned":1,"enemyexpansion:wasp":1,"earthmobsmod:lobber_zombie":1,"born_in_chaos_v1:corpse_fish":1},"minecraft:dropped":{"minecraft:bread":14,"knightlib:small_essence":1,"minecraft:wheat_seeds":74,"minecraft:mossy_cobblestone":4,"minecraft:dirt":8,"iceandfire:copper_nugget":8,"minecraft:map":1,"tombstone:grave_dust":2,"minecraft:wooden_sword":1,"minecraft:string":29,"minecraft:dandelion":1,"minecraft:bone":4,"iceandfire:silver_nugget":2,"minecraft:stone_sword":2,"minecraft:smooth_stone_slab":2,"minecraft:wheat":2,"minecraft:rotten_flesh":1,"born_in_chaos_v1:smoked_flesh":3,"minecraft:white_bed":1,"supplementaries:ash":1,"born_in_chaos_v1:corpse_maggot":2,"minecraft:stone_brick_wall":2,"ecologics:coconut_husk":9,"iceandfire:bestiary":1,"minecraft:wooden_pickaxe":1},"minecraft:mined":{"minecraft:white_bed":2,"minecraft:mossy_cobblestone":3,"luminousworld:grassvariant_4":1,"iceandfire:copper_pile":2,"minecraft:grass_block":13,"minecraft:stone_brick_wall":2,"ecologics:coconut_leaves":2,"luminousworld:grassvariant_2":2,"minecraft:coal_block":3,"minecraft:spawner":1,"minecraft:hay_block":13,"minecraft:fire":1,"iceandfire:gold_pile":3,"minecraft:cobblestone_slab":2,"minecraft:white_banner":1,"minecraft:stone":16,"minecraft:white_wool":2,"minecraft:glass_pane":1,"minecraft:dandelion":1,"minecraft:oak_fence":1,"minecraft:tall_grass":4,"minecraft:oak_planks":11,"ecologics:seashell":1,"minecraft:wheat":56,"minecraft:birch_leaves":2,"minecraft:tnt":1,"minecraft:smooth_stone_slab":1,"minecraft:grass":18,"minecraft:oak_log":23,"minecraft:coal_ore":3,"iceandfire:silver_pile":9,"ecologics:hanging_coconut":9,"minecraft:sand":1,"minecraft:dirt":5,"luminousworld:grassvariant_3":3,"minecraft:cobweb":31,"minecraft:stone_bricks":8,"minecraft:oak_leaves":27,"paraglider:goddess_statue":1},"minecraft:custom":{"lootr:looted_stat":14,"minecraft:mob_kills":20,"minecraft:animals_bred":3,"minecraft:interact_with_crafting_table":10,"minecraft:open_barrel":5,"minecraft:damage_dealt_resisted":325,"minecraft:leave_game":2,"minecraft:time_since_death":32336,"minecraft:climb_one_cm":4356,"minecraft:sprint_one_cm":596646,"minecraft:walk_one_cm":307894,"minecraft:damage_blocked_by_shield":700,"minecraft:drop":45,"minecraft:play_time":154932,"minecraft:deaths":12,"minecraft:sneak_time":1016,"minecraft:walk_under_water_one_cm":53152,"minecraft:boat_one_cm":67318,"minecraft:jump":2489,"minecraft:walk_on_water_one_cm":44665,"minecraft:total_world_time":154932,"minecraft:sleep_in_bed":4,"minecraft:time_since_rest":19802,"minecraft:damage_taken":4841,"minecraft:damage_dealt":4174,"minecraft:swim_one_cm":131245,"minecraft:fly_one_cm":355762,"minecraft:player_kills":2,"minecraft:crouch_one_cm":248,"waystones:waystone_activated":1,"tombstone:undead_killed":3,"minecraft:fall_one_cm":55937}},"DataVersion":3465}