{"stats":{"minecraft:picked_up":{"minecraft:wheat":82,"supplementaries:bomb_blue":1,"minecraft:redstone_block":1,"minecraft:clay_ball":3,"minecraft:golden_pickaxe":1,"ecologics:seashell":1,"minecraft:wooden_pickaxe":1,"minecraft:stone_brick_wall":2,"minecraft:enchanted_book":1,"minecraft:shield":1,"paraglider:goddess_statue":1,"minecraft:string":32,"minecraft:red_bed":1,"minecraft:raw_copper":27,"minecraft:smooth_stone_slab":3,"minecraft:item_frame":1,"minecraft:experience_bottle":2,"iceandfire:bestiary":1,"minecraft:gold_nugget":22,"minecraft:cobbled_deepslate":2,"minecraft:beef":33,"quark:black_shard":10,"minecraft:coal_block":3,"knightlib:small_essence":2,"minecraft:stick":1,"ecologics:coconut_slice":10,"ecologics:coconut_seedling":1,"minecraft:porkchop":10,"tombstone:grave_dust":1,"minecraft:tnt":1,"minecraft:arrow":6,"luminousworld:grassflowers":3,"minecraft:stone_sword":4,"minecraft:rotten_flesh":7,"minecraft:hay_block":13,"tombstone:essence_of_undeath":1,"born_in_chaos_v1:spiny_shell":4,"supplementaries:ash":8,"domesticationinnovation:collar_tag":4,"minecraft:skeleton_skull":1,"minecraft:mutton":2,"minecraft:cobblestone":26,"minecraft:white_wool":3,"born_in_chaos_v1:corpse_maggot":3,"minecraft:leather":23,"paraglider:spirit_orb":2,"minecraft:tuff":1,"minecraft:oak_log":23,"minecraft:gunpowder":2,"minecraft:cobblestone_stairs":1,"minecraft:map":1,"minecraft:dirt":35,"minecraft:white_banner":1,"minecraft:stone_bricks":9,"minecraft:wheat_seeds":217,"minecraft:iron_ingot":1,"minecraft:stone_pickaxe":1,"minecraft:oak_planks":53,"minecraft:book":3,"minecraft:oak_slab":1,"iceandfire:copper_nugget":8,"quark:white_shard":4,"minecraft:dandelion":1,"earthmobsmod:harder_flesh":4,"sophisticatedbackpacks:iron_backpack":1,"minecraft:white_bed":3,"minecraft:mossy_cobblestone":4,"minecraft:bundle":1,"minecraft:firework_rocket":1,"born_in_chaos_v1:fire_dust":2,"minecraft:iron_helmet":1,"minecraft:emerald":1,"domesticationinnovation:drum":1,"minecraft:bread":21,"minecraft:baked_potato":1,"tombstone:magic_scroll":1,"minecraft:oak_sapling":5,"iceandfire:silver_nugget":40,"minecraft:coal":21},"minecraft:killed":{"enemyexpansion:equestrian":1,"quark:forgotten":1,"born_in_chaos_v1:maggot":1,"minecraft:horse":1,"takesapillage:clay_golem":1,"born_in_chaos_v1:corpse_fish":1,"earthmobsmod:bouldering_zombie":1,"minecraft:pig":4,"earthmobsmod:lobber_zombie":1,"minecraft:sheep":1,"minecraft:zombie":4,"iceandfire:ghost":2,"born_in_chaos_v1:corpse_fly":1,"takesapillage:archer":1,"minecraft:cow":9},"minecraft:used":{"minecraft:stone_sword":256,"iceandfire:armor_copper_metal_leggings":1,"minecraft:shield":70,"minecraft:rotten_flesh":2,"minecraft:torch":26,"iceandfire:armor_copper_metal_boots":1,"minecraft:dirt":8,"minecraft:mutton":2,"born_in_chaos_v1:spiny_shell_trap":1,"minecraft:carrot":2,"ecologics:seashell":1,"minecraft:stone_bricks":8,"minecraft:beef":8,"minecraft:oak_sapling":5,"iceandfire:armor_copper_metal_helmet":1,"tombstone:gift":4,"minecraft:cobblestone_stairs":1,"cardiac:life_bottle":5,"minecraft:baked_potato":1,"minecraft:oak_planks":54,"minecraft:stone_pickaxe":104,"minecraft:wooden_pickaxe":54,"minecraft:redstone_block":1,"minecraft:crafting_table":6,"minecraft:red_bed":1,"supplementaries:bomb":2,"minecraft:white_bed":2,"minecraft:apple":3,"iceandfire:armor_copper_metal_chestplate":1,"minecraft:firework_rocket":1,"minecraft:bread":50,"ecologics:coconut_slice":9,"minecraft:wooden_sword":86,"minecraft:cobblestone":20,"minecraft:porkchop":10,"minecraft:experience_bottle":1},"minecraft:crafted":{"minecraft:wooden_sword":3,"minecraft:oak_planks":88,"minecraft:coal":27,"iceandfire:armor_copper_metal_leggings":1,"iceandfire:armor_copper_metal_helmet":1,"iceandfire:armor_copper_metal_boots":1,"iceandfire:armor_copper_metal_chestplate":1,"minecraft:wheat":117,"paraglider:paraglider":1,"iceandfire:silver_ingot":4,"minecraft:crafting_table":6,"minecraft:wooden_pickaxe":1,"minecraft:copper_ingot":27,"born_in_chaos_v1:spiny_shell_trap":1,"minecraft:bread":58,"minecraft:shield":1,"minecraft:stick":12,"minecraft:stone_sword":1,"minecraft:white_bed":1},"minecraft:broken":{"minecraft:stone_sword":1,"minecraft:wooden_sword":1},"minecraft:killed_by":{"minecraft:player":3,"minecraft:iron_golem":1,"born_in_chaos_v1:baby_skeleton":1,"enemyexpansion:equestrian":1,"born_in_chaos_v1:corpse_fly":1,"minecraft:drowned":1,"minecraft:vindicator":1,"enemyexpansion:wasp":1,"earthmobsmod:lobber_zombie":1,"born_in_chaos_v1:corpse_fish":1},"minecraft:dropped":{"minecraft:bread":14,"knightlib:small_essence":2,"minecraft:wheat_seeds":100,"minecraft:golden_pickaxe":1,"minecraft:mossy_cobblestone":4,"minecraft:cobblestone":4,"minecraft:emerald":1,"irons_spellbooks:scroll":1,"minecraft:dirt":20,"relics:leather_belt":1,"minecraft:torch":21,"iceandfire:copper_nugget":8,"supplementaries:bomb_blue":1,"minecraft:map":1,"tombstone:grave_dust":2,"minecraft:wooden_sword":1,"minecraft:string":29,"quark:black_shard":10,"minecraft:dandelion":1,"minecraft:bone":4,"iceandfire:silver_nugget":2,"minecraft:cobbled_deepslate":2,"minecraft:stone_sword":4,"minecraft:smooth_stone_slab":3,"minecraft:tuff":1,"minecraft:wheat":2,"minecraft:rotten_flesh":3,"born_in_chaos_v1:smoked_flesh":3,"minecraft:clay_ball":3,"minecraft:oak_planks":28,"quark:white_shard":4,"minecraft:white_bed":1,"earthmobsmod:harder_flesh":4,"supplementaries:ash":3,"luminousworld:grassflowers":2,"minecraft:gunpowder":1,"born_in_chaos_v1:corpse_maggot":2,"minecraft:stone_brick_wall":2,"ecologics:coconut_husk":9,"iceandfire:bestiary":1,"minecraft:arrow":6,"minecraft:wooden_pickaxe":1,"minecraft:beef":23},"minecraft:mined":{"minecraft:tuff":1,"minecraft:white_bed":3,"iceandfire:graveyard_soil":1,"minecraft:mossy_cobblestone":3,"luminousworld:grassvariant_4":1,"iceandfire:copper_pile":2,"minecraft:sculk_vein":1,"minecraft:cobblestone_stairs":1,"minecraft:grass_block":25,"minecraft:stone_brick_wall":2,"ecologics:coconut_leaves":2,"minecraft:white_stained_glass":2,"luminousworld:grassvariant_2":9,"minecraft:coal_block":3,"minecraft:spawner":1,"minecraft:hay_block":13,"minecraft:fire":1,"minecraft:peony":1,"iceandfire:gold_pile":6,"minecraft:cobblestone_slab":2,"minecraft:white_banner":1,"minecraft:stone":19,"minecraft:white_wool":2,"minecraft:oak_slab":1,"minecraft:redstone_block":1,"minecraft:glass_pane":1,"minecraft:red_bed":1,"domesticationinnovation:drum":1,"minecraft:dandelion":1,"minecraft:oak_fence":1,"minecraft:cobblestone":1,"luminousworld:grassflowers":2,"minecraft:tall_grass":6,"minecraft:copper_ore":6,"minecraft:oak_planks":12,"minecraft:sculk":1,"minecraft:skeleton_skull":1,"supplementaries:urn":1,"minecraft:black_stained_glass":13,"ecologics:seashell":1,"minecraft:wheat":61,"minecraft:birch_leaves":2,"minecraft:tnt":1,"minecraft:smooth_stone_slab":2,"minecraft:grass":45,"minecraft:oak_log":23,"minecraft:coal_ore":21,"iceandfire:silver_pile":17,"ecologics:hanging_coconut":9,"minecraft:sand":1,"minecraft:dirt":19,"luminousworld:grassvariant_3":7,"minecraft:cobweb":31,"minecraft:cracked_stone_bricks":1,"minecraft:stone_bricks":13,"minecraft:deepslate":7,"minecraft:oak_leaves":30,"paraglider:goddess_statue":1},"minecraft:custom":{"minecraft:interact_with_smithing_table":2,"lootr:looted_stat":32,"minecraft:mob_kills":31,"minecraft:animals_bred":5,"minecraft:interact_with_crafting_table":19,"minecraft:open_barrel":6,"minecraft:damage_dealt_resisted":325,"minecraft:eat_cake_slice":3,"minecraft:leave_game":3,"minecraft:time_since_death":61316,"minecraft:climb_one_cm":37733,"minecraft:sprint_one_cm":1052556,"minecraft:walk_one_cm":535715,"minecraft:damage_blocked_by_shield":1506,"minecraft:drop":105,"minecraft:play_time":267924,"minecraft:sneak_time":1115,"minecraft:deaths":16,"minecraft:walk_under_water_one_cm":55200,"minecraft:boat_one_cm":67318,"minecraft:jump":4107,"minecraft:interact_with_blast_furnace":3,"minecraft:walk_on_water_one_cm":46437,"minecraft:total_world_time":267924,"tombstone:raider_killed":1,"minecraft:sleep_in_bed":8,"minecraft:time_since_rest":20252,"minecraft:damage_taken":7460,"minecraft:trigger_trapped_chest":1,"minecraft:damage_dealt":7097,"minecraft:swim_one_cm":131695,"minecraft:player_kills":2,"minecraft:fly_one_cm":640654,"minecraft:open_chest":1,"waystones:waystone_activated":2,"minecraft:crouch_one_cm":330,"tombstone:undead_killed":10,"minecraft:fall_one_cm":96275}},"DataVersion":3465}