{"stats":{"minecraft:custom":{"minecraft:interact_with_smithing_table":2,"lootr:looted_stat":38,"minecraft:mob_kills":44,"minecraft:animals_bred":5,"minecraft:interact_with_crafting_table":26,"minecraft:open_barrel":6,"minecraft:eat_cake_slice":3,"minecraft:damage_dealt_resisted":393,"minecraft:leave_game":7,"minecraft:time_since_death":41631,"minecraft:climb_one_cm":40377,"minecraft:sprint_one_cm":1242518,"minecraft:walk_one_cm":668929,"minecraft:damage_blocked_by_shield":1931,"minecraft:drop":131,"minecraft:play_time":332984,"minecraft:sneak_time":1144,"minecraft:deaths":19,"minecraft:walk_under_water_one_cm":55530,"minecraft:boat_one_cm":67318,"minecraft:jump":5299,"minecraft:interact_with_blast_furnace":3,"minecraft:walk_on_water_one_cm":48352,"minecraft:total_world_time":332984,"minecraft:interact_with_furnace":1,"tombstone:raider_killed":2,"minecraft:sleep_in_bed":11,"minecraft:time_since_rest":537,"minecraft:damage_taken":9978,"minecraft:trigger_trapped_chest":3,"minecraft:damage_dealt":10052,"minecraft:player_kills":2,"minecraft:swim_one_cm":132050,"minecraft:fly_one_cm":859918,"minecraft:open_chest":1,"waystones:waystone_activated":2,"minecraft:crouch_one_cm":634,"tombstone:undead_killed":12,"minecraft:fall_one_cm":131281,"minecraft:horse_one_cm":1516},"minecraft:crafted":{"minecraft:wooden_sword":3,"minecraft:oak_planks":88,"minecraft:coal":27,"quark:sturdy_stone":1,"minecraft:furnace":1,"iceandfire:armor_copper_metal_leggings":1,"iceandfire:armor_copper_metal_helmet":1,"iceandfire:armor_copper_metal_boots":1,"iceandfire:armor_copper_metal_chestplate":1,"minecraft:wheat":117,"paraglider:paraglider":1,"iceandfire:silver_ingot":6,"minecraft:crafting_table":6,"minecraft:wooden_pickaxe":2,"minecraft:copper_ingot":27,"born_in_chaos_v1:spiny_shell_trap":1,"minecraft:bread":58,"minecraft:shield":1,"minecraft:stick":12,"minecraft:stone_sword":1,"minecraft:white_bed":1},"minecraft:dropped":{"minecraft:bread":15,"knightlib:small_essence":3,"minecraft:wheat_seeds":103,"minecraft:golden_pickaxe":1,"minecraft:mossy_cobblestone":4,"minecraft:glass_bottle":1,"minecraft:oak_fence":2,"minecraft:cobblestone":5,"minecraft:copper_ingot":1,"minecraft:emerald":1,"minecraft:item_frame":2,"minecraft:cobblestone_stairs":1,"irons_spellbooks:scroll":1,"minecraft:dirt":35,"relics:leather_belt":1,"relics:roller_skates":1,"iceandfire:copper_nugget":8,"minecraft:torch":21,"minecraft:map":1,"supplementaries:bomb_blue":1,"tombstone:grave_dust":2,"minecraft:chain":1,"minecraft:wooden_sword":3,"minecraft:mossy_cobblestone_stairs":1,"minecraft:string":30,"quark:black_shard":10,"minecraft:dandelion":1,"minecraft:bone":4,"iceandfire:silver_nugget":2,"minecraft:stone_sword":6,"minecraft:cobbled_deepslate":2,"minecraft:smooth_stone_slab":3,"minecraft:tuff":1,"minecraft:wheat":2,"born_in_chaos_v1:ethereal_spirit":1,"minecraft:rotten_flesh":6,"born_in_chaos_v1:smoked_flesh":3,"minecraft:clay_ball":3,"minecraft:oak_planks":29,"quark:white_shard":4,"minecraft:white_bed":1,"earthmobsmod:harder_flesh":4,"supplementaries:ash":3,"luminousworld:grassflowers":2,"minecraft:gunpowder":1,"minecraft:peony":2,"born_in_chaos_v1:corpse_maggot":2,"minecraft:stone_brick_wall":2,"ecologics:coconut_husk":9,"iceandfire:bestiary":1,"minecraft:arrow":6,"minecraft:beef":23,"minecraft:wooden_pickaxe":2},"minecraft:killed":{"minecraft:witch":1,"born_in_chaos_v1:restless_spirit":1,"enemyexpansion:equestrian":1,"minecraft:spider":2,"iceandfire:stymphalian_bird":1,"quark:forgotten":1,"born_in_chaos_v1:maggot":1,"minecraft:horse":2,"takesapillage:clay_golem":1,"born_in_chaos_v1:corpse_fish":1,"earthmobsmod:bouldering_zombie":1,"minecraft:pig":8,"earthmobsmod:lobber_zombie":1,"minecraft:sheep":1,"minecraft:zombie":4,"iceandfire:ghost":4,"born_in_chaos_v1:corpse_fly":1,"takesapillage:archer":1,"minecraft:cow":9},"minecraft:mined":{"minecraft:tuff":1,"minecraft:white_bed":7,"iceandfire:graveyard_soil":1,"minecraft:mossy_cobblestone":3,"luminousworld:grassvariant_4":1,"iceandfire:copper_pile":2,"minecraft:sculk_vein":1,"minecraft:cobblestone_stairs":1,"minecraft:stone_brick_wall":2,"minecraft:grass_block":28,"ecologics:coconut_leaves":2,"minecraft:white_stained_glass":2,"luminousworld:grassvariant_2":10,"minecraft:coal_block":3,"minecraft:spawner":1,"minecraft:hay_block":13,"minecraft:fire":1,"minecraft:peony":1,"minecraft:vine":1,"iceandfire:gold_pile":6,"minecraft:cobblestone_slab":2,"minecraft:stone":75,"minecraft:white_banner":1,"minecraft:white_wool":2,"minecraft:oak_slab":1,"minecraft:redstone_block":1,"minecraft:glass_pane":1,"minecraft:red_bed":1,"domesticationinnovation:drum":1,"minecraft:dandelion":1,"minecraft:oak_fence":3,"minecraft:copper_ore":12,"minecraft:tall_grass":6,"luminousworld:grassflowers":2,"minecraft:cobblestone":2,"minecraft:oak_planks":12,"minecraft:sculk":1,"minecraft:skeleton_skull":1,"supplementaries:urn":1,"minecraft:black_stained_glass":13,"ecologics:seashell":1,"minecraft:wheat":61,"minecraft:birch_leaves":2,"minecraft:tnt":1,"minecraft:smooth_stone_slab":2,"minecraft:grass":56,"minecraft:coal_ore":27,"minecraft:oak_log":23,"iceandfire:silver_pile":20,"ecologics:hanging_coconut":9,"minecraft:dirt":21,"minecraft:sand":1,"luminousworld:grassvariant_3":8,"minecraft:cobweb":31,"minecraft:cracked_stone_bricks":1,"minecraft:stone_bricks":13,"minecraft:deepslate":7,"minecraft:oak_leaves":30,"paraglider:goddess_statue":1},"minecraft:picked_up":{"luminousworld:groundpebbles_1":1,"minecraft:wheat":82,"minecraft:redstone_block":1,"minecraft:clay_ball":3,"minecraft:golden_pickaxe":1,"supplementaries:bomb_blue":1,"ecologics:seashell":1,"minecraft:wooden_pickaxe":1,"minecraft:stone_brick_wall":2,"minecraft:enchanted_book":1,"minecraft:chain":1,"minecraft:shield":1,"paraglider:goddess_statue":1,"minecraft:string":33,"minecraft:red_bed":1,"minecraft:raw_copper":50,"minecraft:wooden_sword":1,"minecraft:smooth_stone_slab":3,"minecraft:item_frame":3,"minecraft:experience_bottle":2,"iceandfire:bestiary":1,"minecraft:gold_nugget":22,"minecraft:cobbled_deepslate":2,"minecraft:beef":33,"quark:black_shard":10,"minecraft:iron_pickaxe":1,"minecraft:coal_block":3,"knightlib:small_essence":3,"minecraft:stick":3,"ecologics:coconut_slice":10,"minecraft:copper_ingot":5,"minecraft:oak_fence":2,"ecologics:coconut_seedling":1,"minecraft:porkchop":16,"tombstone:grave_dust":1,"minecraft:tnt":1,"luminousworld:grassflowers":3,"minecraft:stone_sword":7,"minecraft:arrow":6,"minecraft:rotten_flesh":10,"minecraft:hay_block":13,"born_in_chaos_v1:spiny_shell":4,"tombstone:essence_of_undeath":1,"supplementaries:ash":8,"domesticationinnovation:collar_tag":6,"minecraft:mutton":2,"minecraft:skeleton_skull":1,"minecraft:white_wool":3,"minecraft:cobblestone":84,"born_in_chaos_v1:corpse_maggot":3,"relics:roller_skates":1,"minecraft:leather":24,"paraglider:spirit_orb":2,"minecraft:tuff":1,"minecraft:oak_log":23,"minecraft:gunpowder":2,"minecraft:cobblestone_stairs":1,"minecraft:map":1,"minecraft:dirt":38,"minecraft:white_banner":1,"minecraft:stone_bricks":9,"minecraft:wheat_seeds":220,"minecraft:iron_ingot":3,"minecraft:stone_pickaxe":1,"minecraft:glass_bottle":1,"minecraft:oak_planks":54,"minecraft:book":3,"minecraft:oak_slab":1,"iceandfire:copper_nugget":8,"quark:white_shard":4,"born_in_chaos_v1:ethereal_spirit":1,"minecraft:dandelion":1,"earthmobsmod:harder_flesh":4,"sophisticatedbackpacks:iron_backpack":1,"minecraft:white_bed":7,"minecraft:spider_eye":1,"minecraft:mossy_cobblestone":4,"minecraft:bundle":1,"undead_revamp2:rawbostrox":1,"minecraft:firework_rocket":1,"born_in_chaos_v1:fire_dust":2,"minecraft:iron_helmet":1,"minecraft:bread":23,"domesticationinnovation:drum":1,"minecraft:emerald":1,"minecraft:baked_potato":1,"tombstone:magic_scroll":1,"minecraft:oak_sapling":5,"iceandfire:silver_nugget":50,"minecraft:coal":27},"minecraft:used":{"quark:sturdy_stone":1,"minecraft:stone_sword":285,"iceandfire:armor_copper_metal_leggings":1,"minecraft:shield":137,"minecraft:rotten_flesh":2,"minecraft:torch":26,"iceandfire:armor_copper_metal_boots":1,"minecraft:dirt":11,"minecraft:mutton":2,"born_in_chaos_v1:spiny_shell_trap":1,"minecraft:carrot":2,"ecologics:seashell":1,"minecraft:stone_bricks":8,"minecraft:beef":8,"minecraft:furnace":1,"minecraft:oak_sapling":5,"iceandfire:armor_copper_metal_helmet":1,"tombstone:gift":4,"minecraft:cobblestone_stairs":1,"cardiac:life_bottle":11,"minecraft:baked_potato":1,"minecraft:oak_planks":67,"minecraft:stone_pickaxe":131,"minecraft:wooden_pickaxe":99,"minecraft:redstone_block":1,"minecraft:crafting_table":6,"minecraft:red_bed":1,"supplementaries:bomb":2,"minecraft:white_bed":5,"minecraft:apple":3,"iceandfire:armor_copper_metal_chestplate":1,"minecraft:firework_rocket":1,"minecraft:bread":71,"tombstone:grave_key":4,"ecologics:coconut_slice":9,"minecraft:wooden_sword":141,"minecraft:cobblestone":21,"minecraft:porkchop":10,"minecraft:experience_bottle":1},"minecraft:killed_by":{"minecraft:player":4,"minecraft:iron_golem":1,"born_in_chaos_v1:baby_skeleton":1,"enemyexpansion:equestrian":1,"born_in_chaos_v1:corpse_fly":1,"minecraft:drowned":1,"minecraft:vindicator":1,"enemyexpansion:wasp":1,"earthmobsmod:lobber_zombie":1,"born_in_chaos_v1:corpse_fish":1,"undead_revamp2:theheavy":1},"minecraft:broken":{"minecraft:leather_helmet":1,"minecraft:stone_sword":1,"minecraft:stone_pickaxe":1,"iceandfire:armor_copper_metal_leggings":1,"minecraft:wooden_sword":1,"iceandfire:armor_copper_metal_chestplate":1,"iceandfire:armor_copper_metal_boots":1,"iceandfire:armor_copper_metal_helmet":1}},"DataVersion":3465}